Timestamp, SecondsBehindLive, Buffer, VideoIndexDownloading, VideoBitrate, PlaybackRate
0.3,3.205,0.005,3,1000,1.046
0.6,3.222,2.225,3,1000,1.052
0.9,3.206,3.208,3,1000,1.052
1.2,3.192,3.174,3,1000,1.046
1.5,3.178,3.173,3,1000,1.046
1.8,3.166,3.168,3,1000,1.041
2.1,3.153,3.15,3,1000,1.041
2.4,3.142,3.14,3,1000,1.036
2.7,3.132,3.111,3,1000,1.032
3.0,3.122,3.114,3,1000,1.032
3.3,3.113,3.104,3,1000,1.032
3.6,3.103,3.109,3,1000,1.027
3.9,3.096,3.095,3,1000,1.027
4.2,3.089,3.067,3,1000,1.023
4.5,3.081,3.084,3,1000,1.023
4.8,3.075,3.073,3,1000,1.019
5.1,3.069,3.073,3,1000,1.019
5.4,3.063,3.058,3,1000,1.019
5.7,3.058,3.037,3,1000,1.019
6.0,3.053,3.051,3,1000,1.014
6.3,3.049,3.033,3,1000,1.014
6.6,3.045,3.04,3,1000,1.014
6.9,3.04,3.046,3,1000,1.014
7.2,3.037,3.01,3,1000,1.014
7.5,3.034,3.032,3,1000,1.009
7.8,3.031,3.028,3,1000,1.009
8.1,3.029,3.028,3,1000,1.009
8.4,3.025,3.03,3,1000,1.009
8.7,3.023,2.999,3,1000,1.009
9.0,3.02,3.023,3,1000,1.009
9.3,3.019,3.017,3,1000,1.005
9.6,3.017,2.99,3,1000,1.005
9.9,3.015,2.757,3,1000,1.005
10.2,3.013,3.015,3,1000,1.005
10.5,3.012,3.004,3,1000,1.005
10.8,3.011,3.002,3,1000,1.005
11.1,3.009,2.997,3,1000,1.005
11.4,3.008,3.015,3,1000,1.005
11.7,3.006,3.008,3,1000,1.005
12.0,3.005,2.988,3,1000,1.005
12.3,3.003,3.006,3,1000,1.005
12.6,3.002,3.007,3,1000,1.001
12.9,3.002,2.995,3,1000,1.001
13.2,3.002,2.986,3,1000,1.001
13.5,3.001,2.983,3,1000,1.001
13.8,3.001,3.004,3,1000,1.001
14.1,3.001,3.001,3,1000,1.001
14.4,3.001,2.994,3,1000,1.001
14.7,3.0,2.977,3,1000,1.001
15.0,3.0,2.998,3,1000,1.001
15.3,3.0,3.006,3,1000,1.001
15.6,3.0,2.997,3,1000,1.001
15.9,3.0,2.997,3,1000,1.001
16.2,3.0,2.979,3,1000,1.001
16.5,2.999,2.967,3,1000,1.001
16.8,3.0,2.998,3,1000,1.001
17.1,2.998,3.0,3,1000,1.001
17.4,2.999,2.999,3,1000,1.001
17.7,2.998,2.921,3,1000,1.001
18.0,2.998,3.003,3,1000,1.001
18.3,2.998,3.003,3,1000,1.001
18.6,2.998,2.967,3,1000,1.001
18.9,2.998,2.974,3,1000,1.001
19.2,2.998,3.002,3,1000,1.001
19.5,2.998,2.994,3,1000,1.001
19.8,2.997,3.0,3,1000,1.001
20.1,2.996,2.996,3,1000,1.001
20.4,2.996,2.964,3,1000,1.001
20.7,2.997,2.971,3,1000,1.001
21.0,2.996,2.987,3,1000,1.001
21.3,2.996,2.997,3,1000,1.001
21.6,2.996,3.001,3,1000,1.001
21.9,2.996,2.999,3,1000,1.001
22.2,2.995,2.974,3,1000,1.001
22.5,2.995,2.995,3,1000,1.001
22.8,2.995,2.995,3,1000,1.001
23.1,2.995,2.99,3,1000,1.001
23.4,2.994,3.0,3,1000,1.001
23.7,2.994,2.997,3,1000,1.001
24.0,2.994,2.989,3,1000,1.001
24.3,2.994,2.993,3,1000,1.001
24.6,2.993,2.99,3,1000,1.001
24.9,2.993,2.993,3,1000,1.001
25.2,2.993,2.973,3,1000,1.001
25.5,2.992,2.977,3,1000,1.001
25.8,2.992,2.963,3,1000,1.001
26.1,2.992,2.996,3,1000,1.001
26.4,2.992,2.985,3,1000,1.001
26.7,2.991,2.972,3,1000,1.001
27.0,2.992,2.992,3,1000,1.001
27.3,2.991,2.993,3,1000,1.001
27.6,2.991,2.988,3,1000,1.001
27.9,2.991,2.971,3,1000,1.001
28.2,2.991,2.962,3,1000,1.001
28.5,2.99,2.981,3,1000,1.001
28.8,2.99,2.987,3,1000,1.001
29.1,2.99,2.996,3,1000,1.001
29.4,2.99,2.986,3,1000,1.001
29.7,2.99,2.973,3,1000,1.001
30.0,2.989,2.992,3,1000,1.001
30.3,2.989,2.99,3,1000,1.001
30.6,2.989,2.977,3,1000,1.001
30.9,2.989,2.958,3,1000,1.001
31.2,2.989,2.964,3,1000,1.001
31.5,2.989,2.993,3,1000,1.001
31.8,2.988,2.987,3,1000,1.001
32.1,2.987,2.992,3,1000,1.001
32.4,2.988,2.982,3,1000,1.001
32.7,2.987,2.968,3,1000,1.001
33.0,2.987,2.986,3,1000,1.001
33.3,2.986,2.986,3,1000,1.001
33.6,2.987,2.989,3,1000,1.001
33.9,2.987,2.99,3,1000,1.001
34.2,2.988,2.962,3,1000,0.997
34.5,2.989,2.986,3,1000,0.997
34.8,2.99,2.982,3,1000,0.997
35.1,2.991,2.992,3,1000,0.997
35.4,2.992,2.989,3,1000,0.997
35.7,2.992,2.967,3,1000,0.997
36.0,2.994,2.984,3,1000,0.997
36.3,2.995,2.991,3,1000,0.997
36.6,2.996,2.995,3,1000,0.997
36.9,2.997,2.993,3,1000,0.997
37.2,2.998,2.975,3,1000,0.997
37.5,2.999,2.982,3,1000,0.997
37.8,3.0,2.996,3,1000,0.997
38.1,3.001,2.992,3,1000,0.997
38.4,3.002,2.997,3,1000,0.997
38.7,3.002,2.977,3,1000,1.001
39.0,3.002,2.99,3,1000,1.001
39.3,3.003,2.992,3,1000,1.001
39.6,3.002,3.005,3,1000,1.001
39.9,3.002,3.004,3,1000,1.001
40.2,3.002,2.981,3,1000,1.001
40.5,3.001,2.991,3,1000,1.001
40.8,3.001,2.999,3,1000,1.001
41.1,3.001,2.987,3,1000,1.001
41.4,3.001,2.997,3,1000,1.001
41.7,3.0,2.977,3,1000,1.001
42.0,3.0,2.968,3,1000,1.001
42.3,3.0,2.995,3,1000,1.001
42.6,2.999,2.991,3,1000,1.001
42.9,2.999,3.003,3,1000,1.001
43.2,3.0,2.983,3,1000,1.001
43.5,2.999,2.988,3,1000,1.001
43.8,2.999,2.993,3,1000,1.001
44.1,2.999,2.995,3,1000,1.001
44.4,2.999,2.975,3,1000,1.001
44.7,2.998,2.981,3,1000,1.001
45.0,2.997,2.989,3,1000,1.001
45.3,2.998,2.991,3,1000,1.001
45.6,2.997,2.991,3,1000,1.001
45.9,2.997,2.99,3,1000,1.001
46.2,2.997,2.978,3,1000,1.001
46.5,2.997,2.996,3,1000,1.001
46.8,2.996,2.983,3,1000,1.001
47.1,2.996,3.0,3,1000,1.001
47.4,2.996,2.998,3,1000,1.001
47.7,2.996,2.998,3,1000,1.001
48.0,2.995,3.002,3,1000,1.001
48.3,2.996,2.997,3,1000,1.001
48.6,2.995,2.992,3,1000,1.001
48.9,2.995,2.997,3,1000,1.001
49.2,2.995,2.974,3,1000,1.001
49.5,2.995,3.001,3,1000,1.001
49.8,2.995,2.992,3,1000,1.001
50.1,2.995,2.996,3,1000,1.001
50.4,2.994,2.996,3,1000,1.001
50.7,2.993,2.971,3,1000,1.001
51.0,2.993,2.988,3,1000,1.001
51.3,2.993,2.964,3,1000,1.001
51.6,2.993,2.992,3,1000,1.001
51.9,2.993,2.998,3,1000,1.001
52.2,2.992,2.999,3,1000,1.001
52.5,2.993,2.988,3,1000,1.001
52.8,2.993,2.998,3,1000,1.001
53.1,2.992,2.987,3,1000,1.001
53.4,2.991,2.989,3,1000,1.001
53.7,2.992,2.971,3,1000,1.001
54.0,2.992,2.993,3,1000,1.001
54.3,2.991,2.992,3,1000,1.001
54.6,2.991,2.996,3,1000,1.001
54.9,2.99,2.992,3,1000,1.001
55.2,2.99,2.971,3,1000,1.001
55.5,2.99,2.986,3,1000,1.001
55.8,2.99,2.995,3,1000,1.001
56.1,2.99,2.979,3,1000,1.001
56.4,2.989,2.986,3,1000,1.001
56.7,2.99,2.991,3,1000,1.001
57.0,2.989,2.99,3,1000,1.001
57.3,2.988,2.981,3,1000,1.001
57.6,2.988,2.986,3,1000,1.001
57.9,2.989,2.983,3,1000,1.001
58.2,2.988,2.963,3,1000,1.001
58.5,2.988,2.982,3,1000,1.001
58.8,2.988,2.985,3,1000,1.001
59.1,2.988,2.992,3,1000,1.001
59.4,2.988,2.966,3,1000,1.001
59.7,2.987,2.968,3,1000,1.001
60.0,2.986,2.989,3,1000,1.001
60.3,2.986,2.981,3,1000,1.001
60.6,2.986,2.989,3,1000,1.001
60.9,2.986,2.978,3,1000,0.997
61.2,2.987,2.962,3,1000,0.997
61.5,2.988,2.697,3,1000,0.997
61.8,2.989,2.498,3,1000,0.997
62.1,2.99,2.534,3,1000,0.997
62.4,2.992,2.266,3,1000,0.997
62.7,2.993,2.917,3,1000,0.997
63.0,2.993,2.984,3,1000,0.997
63.3,2.995,2.829,3,1000,0.997
63.6,2.996,2.765,3,1000,0.997
63.9,2.997,2.991,3,1000,0.997
64.2,2.998,2.98,3,1000,0.997
64.5,2.999,2.896,3,1000,0.997
64.8,3.0,2.806,3,1000,0.997
65.1,3.001,2.707,3,1000,0.997
65.4,3.002,2.211,3,1000,1.001
65.7,3.002,2.445,3,1000,1.001
66.0,3.002,2.215,3,1000,1.001
66.3,3.002,2.302,3,1000,1.001
66.6,3.001,2.163,3,1000,1.001
66.9,3.001,1.962,3,1000,1.001
67.2,3.0,2.049,2,600,1.001
67.5,3.0,2.017,2,600,1.001
67.8,3.001,2.102,1,200,1.001
68.1,3.0,2.086,3,1000,1.001
68.4,3.0,1.855,3,1000,1.001
68.7,2.999,2.021,3,1000,1.001
69.0,2.999,1.79,3,1000,1.001
69.3,3.0,1.825,3,1000,1.001
69.6,2.999,1.653,3,1000,1.001
69.9,2.998,1.574,3,1000,1.001
70.2,2.998,1.459,3,1000,1.001
70.5,2.998,1.299,3,1000,1.001
70.8,2.998,1.16,3,1000,1.001
71.1,2.998,1.169,3,1000,1.001
71.4,2.998,1.148,3,1000,1.001
71.7,2.998,0.995,3,1000,1.001
72.0,2.997,0.981,3,1000,1.001
72.3,2.997,0.8,3,1000,1.001
72.6,2.996,0.6,3,1000,1.001
72.9,2.997,0.431,3,1000,1.001
73.2,2.997,0.437,3,1000,1.001
73.5,2.996,0.32,3,1000,1.001
73.8,2.996,0.265,3,1000,1.001
74.1,2.995,0.125,3,1000,1.001
74.4,3.181,0.129,3,1000,1.008
74.7,3.275,0.256,3,1000,1.0
75.0,3.261,0.09,3,1000,1.06
75.3,3.316,0.125,3,1000,1.066
75.6,3.443,0.092,3,1000,1.0
75.9,3.617,0.163,3,1000,1.0
76.2,3.646,0.172,3,1000,1.091
76.5,3.775,0.084,3,1000,1.091
76.8,3.927,0.026,3,1000,1.098
77.1,4.026,0.099,3,1000,1.098
77.4,4.094,0.027,3,1000,1.098
77.7,4.222,0.148,3,1000,1.098
78.0,4.329,0.029,3,1000,1.098
78.3,4.535,0.16,3,1000,1.098
78.6,4.525,0.024,3,1000,1.098
78.9,4.73,0.03,3,1000,1.098
79.2,4.943,0.035,3,1000,1.098
79.5,4.966,0.192,3,1000,1.098
79.8,4.989,0.092,3,1000,1.098
80.1,5.09,0.154,3,1000,1.098
80.4,5.223,0.023,3,1000,1.098
80.7,5.408,0.193,3,1000,1.098
81.0,5.428,0.027,3,1000,1.098
81.3,5.587,0.018,3,1000,1.098
81.6,5.644,0.27,3,1000,1.098
81.9,5.689,0.022,3,1000,1.098
82.2,5.847,0.251,3,1000,1.098
82.5,5.869,0.09,3,1000,1.098
82.8,5.97,0.105,3,1000,1.098
83.1,6.019,0.018,3,1000,1.098
83.4,6.19,0.023,3,1000,1.098
83.7,6.207,0.189,3,1000,1.098
84.0,6.367,0.033,3,1000,1.098
84.3,6.484,0.227,3,1000,1.098
84.6,6.493,0.025,3,1000,1.098
84.9,6.792,0.025,3,1000,1.098
85.2,6.767,0.267,3,1000,1.098
85.5,6.763,0.085,3,1000,1.098
85.8,6.816,0.085,3,1000,1.098
86.1,6.995,0.027,3,1000,1.098
86.4,7.112,0.178,3,1000,1.098
86.7,7.157,0.197,3,1000,1.098
87.0,7.323,0.022,3,1000,1.098
87.3,7.535,0.223,3,1000,1.098
87.6,7.506,0.095,3,1000,1.098
87.9,7.622,0.087,3,1000,1.098
88.2,7.762,0.239,3,1000,1.098
88.5,7.815,0.015,3,1000,1.098
88.8,7.994,0.027,3,1000,1.098
89.1,8.031,0.155,2,600,1.098
89.4,8.041,0.261,3,1000,1.098
89.7,8.118,0.0,3,1000,1.098
90.0,8.418,0.0,3,1000,1.098
90.3,8.717,0.018,3,1000,1.098
90.6,8.919,0.018,3,1000,1.1
90.9,9.015,0.271,3,1000,1.1
91.2,9.054,0.02,3,1000,1.1
91.5,9.22,0.23,3,1000,1.1
91.8,9.219,0.019,2,600,1.1
92.1,9.294,0.13,2,600,1.1
92.4,9.292,0.07,2,600,1.1
92.7,9.272,0.182,3,1000,1.1
93.0,9.419,0.0,3,1000,1.1
93.3,9.719,0.0,3,1000,1.1
93.6,10.019,0.019,3,1000,1.1
93.9,10.198,0.091,3,1000,1.0
94.2,10.329,0.156,3,1000,1.0
94.5,10.392,0.026,3,1000,1.1
94.8,10.571,0.115,3,1000,1.1
95.1,10.606,0.178,2,600,1.1
95.4,10.674,0.164,2,600,1.1
95.7,10.69,0.251,2,600,1.1
96.0,10.71,0.118,2,600,1.1
96.3,10.769,0.172,3,1000,1.1
96.6,11.03,0.0,3,1000,1.1
96.9,11.33,0.0,3,1000,1.1
97.2,11.63,0.03,3,1000,1.1
97.5,11.795,0.028,3,1000,1.1
97.8,11.946,0.225,3,1000,1.1
98.1,11.945,0.085,3,1000,1.1
98.4,12.168,0.163,3,1000,1.1
98.7,12.139,0.084,3,1000,1.1
99.0,12.251,0.017,3,1000,1.1
99.3,12.395,0.028,3,1000,1.1
99.6,12.45,0.069,3,1000,1.1
99.9,12.623,0.023,3,1000,1.1
100.2,12.682,0.154,3,1000,1.1
100.5,12.867,0.032,3,1000,1.1
100.8,12.987,0.365,3,1000,1.1
101.1,12.957,0.097,3,1000,1.1
101.4,13.195,0.028,3,1000,1.1
101.7,13.218,0.165,3,1000,1.1
102.0,13.299,0.064,3,1000,1.1
102.3,13.288,0.124,3,1000,1.1
102.6,13.445,0.027,3,1000,1.1
102.9,13.558,0.058,3,1000,1.1
103.2,13.629,0.062,3,1000,1.1
103.5,13.855,0.021,3,1000,1.1
103.8,13.983,0.339,3,1000,1.1
104.1,13.954,0.164,3,1000,1.1
104.4,14.03,0.028,3,1000,1.1
104.7,14.084,0.053,3,1000,1.1
105.0,14.312,0.095,3,1000,1.1
105.3,14.282,0.137,3,1000,1.1
105.6,14.467,0.033,3,1000,1.1
105.9,14.535,0.24,3,1000,1.1
106.2,14.569,0.097,3,1000,1.1
106.5,14.683,0.13,3,1000,1.1
106.8,14.728,0.027,3,1000,1.1
107.1,14.919,0.018,3,1000,1.1
107.4,14.971,0.087,3,1000,1.1
107.7,15.035,0.0,3,1000,1.1
108.0,15.335,0.0,3,1000,1.1
108.3,15.634,0.0,3,1000,1.1
108.6,15.935,0.0,3,1000,1.1
108.9,4.054,0.33,3,1000,1.1
109.2,4.023,0.19,3,1000,1.1
109.5,4.042,0.091,3,1000,1.1
109.8,4.159,0.098,3,1000,1.1
110.1,4.4,0.031,3,1000,1.1
110.4,4.425,0.308,3,1000,1.1
110.7,4.518,0.018,3,1000,1.1
111.0,4.497,0.148,3,1000,1.1
111.3,4.694,0.027,3,1000,1.1
111.6,4.775,0.092,3,1000,1.1
111.9,4.833,0.033,3,1000,1.1
112.2,4.963,0.051,3,1000,1.1
112.5,5.098,0.031,3,1000,1.1
112.8,5.153,0.019,3,1000,1.1
113.1,5.28,0.066,3,1000,1.1
113.4,5.37,0.174,3,1000,1.1
113.7,5.493,0.025,3,1000,1.1
114.0,5.631,0.029,3,1000,1.1
114.3,5.724,0.023,3,1000,1.1
114.6,5.858,0.025,3,1000,1.1
114.9,5.955,0.132,3,1000,1.1
115.2,6.03,0.086,3,1000,1.1
115.5,6.153,0.018,3,1000,1.1
115.8,6.225,0.023,3,1000,1.1
116.1,6.448,0.031,3,1000,1.1
116.4,6.452,0.197,3,1000,1.1
116.7,6.523,0.022,3,1000,1.1
117.0,6.683,0.123,3,1000,1.1
117.3,6.721,0.054,3,1000,1.1
117.6,6.899,0.032,3,1000,1.1
117.9,6.946,0.195,3,1000,1.1
118.2,7.027,0.025,3,1000,1.1
118.5,7.119,0.156,3,1000,1.1
118.8,7.145,0.127,3,1000,1.1
119.1,7.152,0.018,3,1000,1.1
119.4,7.333,0.031,3,1000,1.1
119.7,7.633,0.031,3,1000,1.1
120.0,7.932,0.031,3,1000,1.1
120.3,8.234,0.031,3,1000,1.1
120.6,8.211,0.761,1,200,1.1
120.9,8.182,1.934,1,200,1.1
121.2,8.151,2.579,2,600,1.1
121.5,8.122,2.238,2,600,1.1
121.8,8.091,1.945,3,1000,1.1
122.1,8.061,1.569,3,1000,1.1
122.4,8.031,1.35,3,1000,1.1
122.7,8.0,1.069,3,1000,1.1
123.0,7.972,0.744,3,1000,1.1
123.3,7.942,0.383,3,1000,1.1
123.6,8.018,0.018,3,1000,1.1
123.9,8.318,0.018,1,200,1.1
124.2,8.619,0.018,2,600,1.1
124.5,8.918,0.0,2,600,1.1
124.8,9.218,0.018,1,200,1.1
125.1,9.519,0.018,1,200,1.1
125.4,9.586,0.33,3,1000,1.1
125.7,9.628,0.0,3,1000,1.0
126.0,9.929,0.0,3,1000,1.0
126.3,10.228,0.027,3,1000,1.0
126.6,10.487,0.02,3,1000,1.0
126.9,10.64,0.106,3,1000,1.1
127.2,10.835,0.033,3,1000,1.1
127.5,11.022,0.02,3,1000,1.1
127.8,11.159,0.054,3,1000,1.1
128.1,11.36,0.026,3,1000,1.1
128.4,11.508,0.123,3,1000,1.1
128.7,11.623,0.022,3,1000,1.1
129.0,11.854,0.019,3,1000,1.1
129.3,12.123,0.144,3,1000,1.1
129.6,12.228,0.121,3,1000,1.1
129.9,12.293,0.055,3,1000,1.1
130.2,12.506,0.102,3,1000,1.1
130.5,12.605,0.153,3,1000,1.1
130.8,12.734,0.033,3,1000,1.1
131.1,12.951,0.016,3,1000,1.1
131.4,13.159,0.024,3,1000,1.1
131.7,13.298,0.085,3,1000,1.1
132.0,13.42,0.02,3,1000,1.1
132.3,13.683,0.016,3,1000,1.1
132.6,13.878,0.138,3,1000,1.1
132.9,14.158,0.023,3,1000,1.1
133.2,14.32,0.02,3,1000,1.1
133.5,14.319,0.459,3,1000,1.1
133.8,14.289,0.0,3,1000,1.1
134.1,14.531,0.0,3,1000,1.1
134.4,14.831,0.0,3,1000,1.1
134.7,15.101,0.0,2,600,1.1
135.0,15.402,0.0,2,600,1.1
135.3,15.702,0.0,2,600,1.1
135.6,16.001,0.0,2,600,1.1
135.9,4.009,0.221,2,600,1.099
136.2,4.125,0.024,2,600,1.099
136.5,4.127,0.26,2,600,1.099
136.8,4.169,0.034,2,600,1.099
137.1,4.172,0.281,2,600,1.099
137.4,4.288,0.02,2,600,1.099
137.7,4.372,0.32,2,600,1.099
138.0,4.36,0.025,2,600,1.099
138.3,4.533,0.204,2,600,1.099
138.6,4.52,0.018,2,600,1.099
138.9,4.753,0.018,2,600,1.099
139.2,4.909,0.322,2,600,1.099
139.5,4.93,0.029,2,600,1.099
139.8,5.057,0.301,2,600,1.099
140.1,5.027,0.134,2,600,1.099
140.4,5.238,0.151,2,600,1.099
140.7,5.262,0.325,2,600,1.099
141.0,5.325,0.024,2,600,1.099
141.3,5.371,0.215,2,600,1.099
141.6,5.427,0.123,2,600,1.099
141.9,5.651,0.257,2,600,1.099
142.2,5.621,0.165,2,600,1.099
142.5,5.848,0.062,2,600,1.099
142.8,5.82,0.192,2,600,1.099
143.1,5.9,0.031,2,600,1.099
143.4,5.912,0.224,2,600,1.099
143.7,5.991,0.024,2,600,1.099
144.0,6.151,0.319,2,600,1.099
144.3,6.155,0.02,2,600,1.099
144.6,6.319,0.017,2,600,1.099
144.9,6.319,0.017,2,600,1.099
145.2,6.6,0.184,2,600,1.099
145.5,6.571,0.204,2,600,1.099
145.8,6.723,0.022,2,600,1.099
146.1,6.851,0.205,2,600,1.099
146.4,6.864,0.178,2,600,1.099
146.7,7.022,0.02,2,600,1.099
147.0,7.282,0.42,2,600,1.099
147.3,7.252,0.189,2,600,1.099
147.6,7.281,0.299,2,600,1.099
147.9,7.322,0.022,2,600,1.099
148.2,7.493,0.025,2,600,1.099
148.5,7.535,0.289,2,600,1.099
148.8,7.707,0.121,2,600,1.099
149.1,7.744,0.284,2,600,1.099
149.4,7.776,0.032,2,600,1.099
149.7,7.904,0.157,2,600,1.099
150.0,7.921,0.02,2,600,1.099
150.3,8.063,0.028,2,600,1.099
150.6,8.074,0.151,2,600,1.099
150.9,8.192,0.024,2,600,1.099
151.2,8.336,0.118,2,600,1.099
151.5,8.361,0.165,2,600,1.099
151.8,8.52,0.02,2,600,1.099
152.1,8.521,0.019,2,600,1.099
152.4,8.624,0.055,2,600,1.099
152.7,8.758,0.189,2,600,1.099
153.0,8.788,0.019,2,600,1.099
153.3,8.935,0.033,2,600,1.099
153.6,8.936,0.099,2,600,1.099
153.9,9.124,0.024,2,600,1.099
154.2,9.128,0.085,2,600,1.099
154.5,9.164,0.029,2,600,1.099
154.8,9.224,0.024,2,600,1.099
155.1,9.397,0.188,2,600,1.099
155.4,9.368,0.197,2,600,1.099
155.7,9.552,0.232,2,600,1.099
156.0,9.521,0.155,2,600,1.099
156.3,9.722,0.092,2,600,1.099
156.6,9.694,0.256,2,600,1.099
156.9,9.792,0.164,2,600,1.099
157.2,9.936,0.196,2,600,1.099
157.5,9.925,0.024,2,600,1.099
157.8,10.088,0.082,2,600,1.099
158.1,10.135,0.159,2,600,1.099
158.4,10.262,0.028,2,600,1.099
158.7,10.451,0.235,2,600,1.099
159.0,10.421,0.087,2,600,1.099
159.3,10.521,0.097,2,600,1.099
159.6,10.637,0.262,2,600,1.099
159.9,10.727,0.025,2,600,1.099
160.2,10.84,0.123,2,600,1.099
160.5,10.857,0.022,2,600,1.099
160.8,11.038,0.177,2,600,1.099
161.1,11.018,0.123,2,600,1.099
161.4,11.198,0.03,2,600,1.099
161.7,11.331,0.276,2,600,1.099
162.0,11.351,0.084,2,600,1.099
162.3,11.458,0.343,2,600,1.099
162.6,11.497,0.03,2,600,1.099
162.9,11.642,0.028,2,600,1.099
163.2,11.824,0.282,2,600,1.099
163.5,11.794,0.112,2,600,1.099
163.8,11.859,0.164,2,600,1.099
164.1,11.901,0.065,2,600,1.099
164.4,12.152,0.262,2,600,1.099
164.7,12.122,0.159,2,600,1.099
165.0,12.329,0.028,2,600,1.099
165.3,12.324,0.178,2,600,1.099
165.6,12.432,0.03,2,600,1.099
165.9,12.668,0.297,2,600,1.099
166.2,12.637,0.201,2,600,1.099
166.5,12.742,0.394,2,600,1.099
166.8,12.727,0.025,2,600,1.099
167.1,12.89,0.022,2,600,1.099
167.4,12.889,0.253,2,600,1.099
167.7,12.963,0.166,2,600,1.099
168.0,13.015,0.148,2,600,1.099
168.3,13.182,0.166,2,600,1.099
168.6,13.152,0.243,2,600,1.099
168.9,13.213,0.141,2,600,1.099
169.2,13.267,0.133,2,600,1.099
169.5,13.415,0.064,2,600,1.099
169.8,13.68,0.196,2,600,1.099
170.1,13.759,0.024,2,600,1.099
170.4,13.774,0.168,2,600,1.099
170.7,13.906,0.069,2,600,1.099
171.0,13.877,0.144,2,600,1.099
171.3,13.955,0.125,2,600,1.099
171.6,13.991,0.094,2,600,1.099
171.9,14.082,0.058,2,600,1.099
172.2,14.104,0.067,2,600,1.099
172.5,14.205,0.204,2,600,1.099
172.8,14.233,0.029,2,600,1.099
173.1,14.358,0.023,2,600,1.099
173.4,14.576,0.192,2,600,1.099
173.7,14.547,0.133,2,600,1.099
174.0,14.735,0.171,2,600,1.099
174.3,14.724,0.022,2,600,1.099
174.6,14.889,0.022,2,600,1.099
174.9,14.968,0.0,2,600,1.099
175.2,15.268,0.0,2,600,1.099
175.5,15.568,0.0,2,600,1.099
175.8,4.027,0.444,3,1000,1.099
176.1,4.051,0.033,3,1000,1.099
176.4,4.334,0.0,3,1000,1.099
176.7,4.634,0.0,3,1000,1.099
177.0,4.934,0.033,3,1000,1.099
177.3,5.155,0.058,3,1000,1.1
177.6,5.291,0.083,3,1000,1.1
177.9,5.474,0.05,3,1000,1.1
178.2,5.563,0.042,3,1000,1.1
178.5,5.795,0.087,3,1000,1.1
178.8,5.905,0.088,3,1000,1.1
179.1,6.019,0.043,3,1000,1.1
179.4,6.299,0.031,3,1000,1.1
179.7,6.526,0.025,3,1000,1.1
180.0,6.755,0.071,3,1000,1.1
180.3,6.759,0.062,3,1000,1.1
180.6,6.998,0.029,3,1000,1.1
180.9,7.051,0.051,3,1000,1.1
181.2,7.125,0.056,3,1000,1.1
181.5,7.387,0.019,3,1000,1.1
181.8,7.564,0.028,3,1000,1.1
182.1,7.705,0.256,3,1000,1.1
182.4,7.801,0.027,3,1000,1.1
182.7,7.957,0.086,3,1000,1.1
183.0,8.135,0.033,3,1000,1.1
183.3,8.129,0.081,3,1000,1.1
183.6,8.099,0.156,3,1000,1.1
183.9,8.158,0.023,3,1000,1.1
184.2,8.159,0.157,3,1000,1.1
184.5,8.295,0.027,3,1000,1.1
184.8,8.335,0.292,3,1000,1.1
185.1,8.306,0.346,3,1000,1.1
185.4,8.276,0.885,3,1000,1.1
185.7,8.246,0.727,3,1000,1.1
186.0,8.216,0.86,3,1000,1.1
186.3,8.185,1.512,3,1000,1.1
186.6,8.156,2.194,3,1000,1.1
186.9,8.125,2.555,3,1000,1.1
187.2,8.096,2.383,3,1000,1.1
187.5,8.066,2.282,3,1000,1.1
187.8,8.036,2.123,3,1000,1.1
188.1,8.006,2.161,3,1000,1.1
188.4,7.976,2.05,3,1000,1.1
188.7,7.946,2.012,3,1000,1.1
189.0,7.916,1.787,3,1000,1.1
189.3,7.886,1.86,3,1000,1.1
189.6,7.854,1.745,3,1000,1.1
189.9,7.826,1.653,3,1000,1.1
190.2,7.796,1.714,3,1000,1.1
190.5,7.766,1.599,3,1000,1.1
190.8,7.736,1.588,3,1000,1.1
191.1,7.706,1.503,3,1000,1.1
191.4,7.676,1.476,3,1000,1.1
191.7,7.646,1.276,3,1000,1.1
192.0,7.616,1.269,3,1000,1.1
192.3,7.586,1.056,3,1000,1.1
192.6,7.556,1.115,3,1000,1.1
192.9,7.526,1.002,3,1000,1.1
193.2,7.496,0.97,3,1000,1.1
193.5,7.466,0.937,3,1000,1.1
193.8,7.436,0.887,3,1000,1.1
194.1,7.406,0.725,3,1000,1.1
194.4,7.376,0.685,3,1000,1.1
194.7,7.346,0.592,3,1000,1.1
195.0,7.316,0.489,3,1000,1.1
195.3,7.286,0.426,3,1000,1.1
195.6,7.256,0.397,3,1000,1.1
195.9,7.226,0.439,3,1000,1.1
196.2,7.196,0.297,3,1000,1.1
196.5,7.166,0.308,3,1000,1.1
196.8,7.136,0.31,3,1000,1.1
197.1,7.105,0.239,3,1000,1.1
197.4,7.076,0.184,3,1000,1.1
197.7,7.046,0.177,3,1000,1.1
198.0,7.088,0.02,3,1000,1.1
198.3,7.112,0.09,3,1000,1.1
198.6,7.283,0.015,3,1000,1.1
198.9,7.336,0.155,3,1000,1.1
199.2,7.306,0.244,3,1000,1.1
199.5,7.277,0.178,3,1000,1.1
199.8,7.35,0.016,3,1000,1.1
200.1,7.405,0.148,3,1000,1.1
200.4,7.458,0.284,3,1000,1.1
200.7,7.462,0.027,3,1000,1.1
201.0,7.45,0.213,3,1000,1.1
201.3,7.474,0.211,3,1000,1.1
201.6,7.444,0.085,3,1000,1.1
201.9,7.552,0.018,3,1000,1.1
202.2,7.567,0.147,3,1000,1.1
202.5,7.731,0.348,3,1000,1.1
202.8,7.701,0.275,3,1000,1.1
203.1,7.671,0.156,3,1000,1.1
203.4,7.696,0.097,3,1000,1.1
203.7,7.769,0.182,3,1000,1.1
204.0,7.761,0.025,3,1000,1.1
204.3,7.795,0.148,3,1000,1.1
204.6,7.901,0.145,3,1000,1.1
204.9,8.005,0.223,3,1000,1.1
205.2,7.975,0.122,3,1000,1.1
205.5,8.033,0.246,3,1000,1.1
205.8,8.132,0.03,3,1000,1.1
206.1,8.206,0.292,3,1000,1.1
206.4,8.177,0.157,3,1000,1.1
206.7,8.147,0.132,3,1000,1.1
207.0,8.209,0.093,3,1000,1.1
207.3,8.179,0.075,3,1000,1.1
207.6,8.266,0.142,3,1000,1.1
207.9,8.236,0.087,3,1000,1.1
208.2,8.29,0.174,3,1000,1.1
208.5,8.307,0.114,3,1000,1.1
208.8,8.402,0.255,3,1000,1.1
209.1,8.422,0.092,3,1000,1.1
209.4,8.42,0.197,3,1000,1.1
209.7,8.466,0.03,3,1000,1.1
210.0,8.541,0.243,3,1000,1.1
210.3,8.552,0.048,3,1000,1.1
210.6,8.533,0.067,3,1000,1.1
210.9,8.647,0.13,3,1000,1.1
211.2,8.618,0.104,3,1000,1.1
211.5,8.698,0.162,3,1000,1.1
211.8,8.681,0.1,3,1000,1.1
212.1,8.726,0.23,3,1000,1.1
212.4,8.705,0.064,3,1000,1.1
212.7,8.839,0.246,3,1000,1.1
213.0,8.865,0.029,3,1000,1.1
213.3,9.018,0.132,3,1000,1.1
213.6,9.017,0.081,2,600,1.1
213.9,9.101,0.337,3,1000,1.1
214.2,9.124,0.0,3,1000,1.1
214.5,9.424,0.0,3,1000,1.1
214.8,9.602,0.132,3,1000,1.0
215.1,9.698,0.236,3,1000,1.0
215.4,9.691,0.022,3,1000,1.1
215.7,9.845,0.309,3,1000,1.1
216.0,9.833,0.032,3,1000,1.1
216.3,9.927,0.025,3,1000,1.1
216.6,9.906,0.097,3,1000,1.1
216.9,10.062,0.288,3,1000,1.1
217.2,10.032,0.13,3,1000,1.1
217.5,10.069,0.169,3,1000,1.1
217.8,10.132,0.03,3,1000,1.1
218.1,10.376,0.408,3,1000,1.1
218.4,10.344,0.273,3,1000,1.1
218.7,10.315,0.208,3,1000,1.1
219.0,10.32,0.091,3,1000,1.1
219.3,10.436,0.033,3,1000,1.1
219.6,10.42,0.192,3,1000,1.1
219.9,10.481,0.289,3,1000,1.1
220.2,10.451,0.097,3,1000,1.1
220.5,10.455,0.214,3,1000,1.1
220.8,10.485,0.31,3,1000,1.1
221.1,10.455,0.147,3,1000,1.1
221.4,10.462,0.205,3,1000,1.1
221.7,10.452,0.017,3,1000,1.1
222.0,10.549,0.217,3,1000,1.1
222.3,10.52,0.422,3,1000,1.1
222.6,10.49,0.616,3,1000,1.1
222.9,10.46,0.299,3,1000,1.1
223.2,10.594,0.025,3,1000,1.1
223.5,10.893,0.025,3,1000,1.1
223.8,11.139,0.158,3,1000,1.1
224.1,11.364,0.029,3,1000,1.1
224.4,11.665,0.029,3,1000,1.1
224.7,11.964,0.029,3,1000,1.1
225.0,12.269,0.029,3,1000,1.1
225.3,12.565,0.029,3,1000,1.1
225.6,12.865,0.029,3,1000,1.1
225.9,12.898,0.095,3,1000,1.1
226.2,13.125,0.023,2,600,1.1
226.5,13.426,0.023,2,600,1.1
226.8,13.725,0.023,2,600,1.1
227.1,13.929,0.102,2,600,1.1
227.4,14.121,0.018,2,600,1.1
227.7,14.275,0.213,2,600,1.1
228.0,14.428,0.026,2,600,1.1
228.3,14.728,0.026,2,600,1.1
228.6,14.867,0.032,2,600,1.1
228.9,14.985,0.0,2,600,1.1
229.2,15.269,0.0,2,600,1.1
229.5,15.568,0.0,2,600,1.1
229.8,15.868,0.0,2,600,1.1
230.1,16.168,0.0,2,600,1.1
230.4,16.469,0.0,2,600,1.1
230.7,16.769,0.0,2,600,1.1
231.0,5.176,0.446,3,1000,1.1
231.3,5.218,0.016,3,1000,1.1
231.6,5.529,0.0,3,1000,1.1
231.9,5.818,0.0,3,1000,1.1
232.2,6.119,0.0,3,1000,1.1
232.5,6.418,0.0,3,1000,1.1
232.8,6.718,0.0,3,1000,1.1
233.1,7.018,0.016,3,1000,1.1
233.4,7.318,0.016,3,1000,1.1
233.7,7.552,0.017,3,1000,1.1
234.0,7.768,0.032,3,1000,1.1
234.3,8.023,0.019,3,1000,1.1
234.6,8.321,0.086,3,1000,1.1
234.9,8.568,0.033,3,1000,1.1
235.2,8.787,0.019,3,1000,1.1
235.5,9.06,0.024,3,1000,1.1
235.8,9.232,0.029,3,1000,1.1
236.1,9.531,0.029,3,1000,1.1
236.4,9.768,0.032,3,1000,1.1
236.7,9.961,0.025,3,1000,1.1
237.0,10.187,0.019,3,1000,1.1
237.3,10.421,0.019,3,1000,1.1
237.6,10.658,0.023,3,1000,1.1
237.9,10.847,0.073,3,1000,1.1
238.2,11.147,0.031,3,1000,1.1
238.5,11.39,0.131,3,1000,1.1
238.8,11.602,0.033,3,1000,1.1
239.1,11.8,0.032,3,1000,1.1
239.4,12.036,0.061,3,1000,1.1
239.7,12.226,0.024,3,1000,1.1
240.0,12.429,0.027,3,1000,1.1
240.3,12.729,0.027,3,1000,1.1
240.6,12.987,0.018,3,1000,1.1
240.9,13.191,0.022,3,1000,1.1
241.2,13.487,0.055,3,1000,1.1
241.5,13.754,0.018,3,1000,1.1
241.8,13.9,0.032,3,1000,1.1
242.1,14.201,0.032,3,1000,1.1
242.4,14.33,0.028,3,1000,1.1
242.7,14.63,0.028,3,1000,1.1
243.0,14.857,0.195,3,1000,1.1
243.3,15.036,0.0,3,1000,1.1
243.6,15.335,0.0,3,1000,1.1
243.9,15.636,0.0,3,1000,1.1
244.2,15.936,0.0,3,1000,1.1
244.5,16.241,0.0,3,1000,1.1
244.8,16.536,0.0,3,1000,1.1
245.1,16.835,0.0,3,1000,1.1
245.4,17.136,0.0,3,1000,1.1
245.7,5.547,0.5,3,1000,1.1
246.0,5.517,0.219,3,1000,1.1
246.3,5.73,0.028,3,1000,1.1
246.6,5.888,0.02,3,1000,1.1
246.9,6.161,0.027,3,1000,1.1
247.2,6.43,0.028,3,1000,1.1
247.5,6.658,0.023,3,1000,1.1
247.8,6.845,0.256,3,1000,1.1
248.1,7.016,0.013,3,1000,1.1
248.4,7.303,0.035,3,1000,1.1
248.7,7.497,0.028,3,1000,1.1
249.0,7.725,0.023,3,1000,1.1
249.3,7.866,0.057,3,1000,1.1
249.6,8.102,0.033,3,1000,1.1
249.9,8.325,0.023,3,1000,1.1
250.2,8.594,0.026,3,1000,1.1
250.5,8.82,0.018,3,1000,1.1
250.8,9.117,0.031,3,1000,1.1
251.1,9.283,0.015,3,1000,1.1
251.4,9.558,0.024,3,1000,1.1
251.7,9.797,0.028,3,1000,1.1
252.0,10.032,0.03,3,1000,1.1
252.3,10.221,0.02,2,600,1.1
252.6,10.522,0.02,2,600,1.1
252.9,10.721,0.018,2,600,1.1
253.2,10.934,0.031,2,600,1.1
253.5,11.079,0.153,2,600,1.1
253.8,11.235,0.034,2,600,1.1
254.1,11.47,0.032,2,600,1.1
254.4,11.622,0.019,2,600,1.1
254.7,11.789,0.02,2,600,1.1
255.0,11.926,0.025,2,600,1.1
255.3,12.227,0.025,2,600,1.1
255.6,12.5,0.031,2,600,1.1
255.9,12.737,0.034,2,600,1.1
256.2,13.037,0.034,2,600,1.1
256.5,13.098,0.029,2,600,1.1
256.8,13.219,0.018,1,200,1.1
257.1,13.493,0.118,1,200,1.1
257.4,13.462,0.291,1,200,1.1
257.7,13.433,0.396,1,200,1.1
258.0,13.403,0.292,1,200,1.1
258.3,13.392,0.394,1,200,1.1
258.6,13.502,0.525,1,200,1.1
258.9,13.473,0.37,1,200,1.1
259.2,13.507,0.527,1,200,1.1
259.5,13.477,0.143,1,200,1.1
259.8,13.548,0.35,1,200,1.1
260.1,13.521,0.018,1,200,1.1
260.4,13.605,0.348,1,200,1.1
260.7,13.575,0.49,1,200,1.1
261.0,13.545,0.268,1,200,1.1
261.3,13.627,0.025,1,200,1.1
261.6,13.64,0.145,1,200,1.1
261.9,13.614,0.324,1,200,1.1
262.2,13.583,0.153,1,200,1.1
262.5,13.697,0.296,1,200,1.1
262.8,13.725,0.023,1,200,1.1
263.1,13.813,0.386,1,200,1.1
263.4,13.782,0.191,1,200,1.1
263.7,13.753,0.336,1,200,1.1
264.0,13.834,0.49,1,200,1.1
264.3,13.804,0.276,1,200,1.1
264.6,13.775,0.377,1,200,1.1
264.9,13.744,0.521,1,200,1.1
265.2,13.714,0.626,1,200,1.1
265.5,13.684,0.35,1,200,1.1
265.8,13.717,0.46,1,200,1.1
266.1,13.687,0.268,1,200,1.1
266.4,13.823,0.022,1,200,1.1
266.7,13.85,0.627,1,200,1.1
267.0,13.82,1.019,1,200,1.1
267.3,13.791,2.109,1,200,1.1
267.6,13.76,2.775,3,1000,1.1
267.9,13.731,2.438,3,1000,1.1
268.2,13.7,2.112,3,1000,1.1
268.5,13.67,1.778,3,1000,1.1
268.8,13.64,1.942,3,1000,1.1
269.1,13.611,3.416,3,1000,1.1
269.4,13.58,4.816,3,1000,1.1
269.7,13.55,6.497,3,1000,1.1
270.0,13.52,8.153,3,1000,1.1
270.3,13.49,9.83,3,1000,1.1
270.6,13.46,11.465,3,1000,1.1
270.9,13.43,13.16,3,1000,1.1
271.2,13.4,13.403,3,1000,1.1
271.5,13.37,13.348,3,1000,1.1
271.8,13.341,13.339,3,1000,1.1
272.1,13.309,13.283,3,1000,1.1
272.4,13.281,13.255,3,1000,1.1
272.7,13.251,13.25,3,1000,1.1
273.0,13.22,13.213,3,1000,1.1
273.3,13.191,13.183,3,1000,1.1
273.6,13.16,13.133,3,1000,1.1
273.9,13.13,13.128,3,1000,1.1
274.2,13.1,13.08,3,1000,1.1
274.5,13.07,13.053,3,1000,1.1
274.8,13.04,13.037,3,1000,1.1
275.1,13.011,13.005,3,1000,1.1
275.4,12.981,12.979,3,1000,1.1
275.7,12.951,12.939,3,1000,1.1
276.0,12.92,12.904,3,1000,1.1
276.3,12.891,12.893,3,1000,1.1
276.6,12.86,12.858,3,1000,1.1
276.9,12.831,12.823,3,1000,1.1
277.2,12.801,12.804,3,1000,1.1
277.5,12.771,12.762,3,1000,1.1
277.8,12.74,12.726,3,1000,1.1
278.1,12.71,12.694,3,1000,1.1
278.4,12.681,12.682,3,1000,1.1
278.7,12.649,12.636,3,1000,1.1
279.0,12.62,12.611,3,1000,1.1
279.3,12.59,12.583,3,1000,1.1
279.6,12.56,12.559,3,1000,1.1
279.9,12.53,12.515,3,1000,1.1
280.2,12.5,12.491,3,1000,1.1
280.5,12.47,12.471,3,1000,1.1
280.8,12.44,12.441,3,1000,1.1
281.1,12.41,12.416,3,1000,1.1
281.4,12.381,12.355,3,1000,1.1
281.7,12.351,12.339,3,1000,1.1
282.0,12.32,12.323,3,1000,1.1
282.3,12.29,12.287,3,1000,1.1
282.6,12.261,12.264,3,1000,1.1
282.9,12.231,12.229,3,1000,1.1
283.2,12.2,12.189,3,1000,1.1
283.5,12.17,12.173,3,1000,1.1
283.8,12.14,12.126,3,1000,1.1
284.1,12.11,12.111,3,1000,1.1
284.4,12.08,12.086,3,1000,1.1
284.7,12.051,12.038,3,1000,1.1
285.0,12.02,12.025,3,1000,1.1
285.3,11.991,11.993,3,1000,1.1
285.6,11.961,11.953,3,1000,1.1
285.9,11.929,11.924,3,1000,1.1
286.2,11.9,11.899,3,1000,1.1
286.5,11.871,11.868,3,1000,1.1
286.8,11.841,11.838,3,1000,1.1
287.1,11.81,11.814,3,1000,1.1
287.4,11.781,11.777,3,1000,1.1
287.7,11.751,11.736,3,1000,1.1
288.0,11.72,11.722,3,1000,1.1
288.3,11.691,11.692,3,1000,1.1
288.6,11.66,11.663,3,1000,1.1
288.9,11.63,11.616,3,1000,1.1
289.2,11.6,11.584,3,1000,1.1
289.5,11.57,11.544,3,1000,1.1
289.8,11.54,11.532,3,1000,1.1
290.1,11.51,11.511,3,1000,1.1
290.4,11.48,11.469,3,1000,1.1
290.7,11.451,11.43,3,1000,1.1
291.0,11.421,11.417,3,1000,1.1
291.3,11.39,11.387,3,1000,1.1
291.6,11.361,11.368,3,1000,1.1
291.9,11.33,11.333,3,1000,1.1
292.2,11.3,11.286,3,1000,1.1
292.5,11.27,11.273,3,1000,1.1
292.8,11.241,11.241,3,1000,1.1
293.1,11.209,11.2,3,1000,1.1
293.4,11.18,11.176,3,1000,1.1
293.7,11.15,11.136,3,1000,1.1
294.0,11.121,11.116,3,1000,1.1
294.3,11.09,11.085,3,1000,1.1
294.6,11.061,11.055,3,1000,1.1
294.9,11.031,11.034,3,1000,1.1
295.2,11.0,11.008,2,600,1.1
295.5,10.971,10.601,2,600,1.1
295.8,10.941,10.31,2,600,1.1
296.1,10.91,10.016,2,600,1.1
296.4,10.88,9.726,2,600,1.1
296.7,10.85,9.432,2,600,1.1
297.0,10.82,9.139,2,600,1.1
297.3,10.79,8.85,2,600,1.1
297.6,10.761,8.262,2,600,1.1
297.9,10.73,7.972,2,600,1.1
298.2,10.7,7.678,2,600,1.1
298.5,10.671,7.387,2,600,1.1
298.8,10.64,7.094,2,600,1.1
299.1,10.611,6.804,2,600,1.1
299.4,10.58,6.512,2,600,1.1
299.7,10.551,6.22,2,600,1.1
300.0,10.521,5.634,2,600,1.1
300.3,10.491,5.341,2,600,1.1
300.6,10.461,5.05,2,600,1.1
300.9,10.43,4.758,2,600,1.1
301.2,10.4,4.467,2,600,1.1
301.5,10.371,4.173,2,600,1.1
301.8,10.341,3.881,2,600,1.1
302.1,10.311,3.59,2,600,1.1
302.4,10.281,3.005,2,600,1.1
302.7,10.251,2.71,2,600,1.1
303.0,10.22,3.343,2,600,1.1
303.3,10.19,2.99,3,1000,1.1
303.6,10.161,4.183,3,1000,1.1
303.9,10.131,5.869,3,1000,1.1
304.2,10.1,7.633,3,1000,1.1
304.5,10.071,9.503,3,1000,1.1
304.8,10.041,10.034,3,1000,1.1
305.1,10.01,9.981,3,1000,1.1
305.4,9.981,9.983,3,1000,1.1
305.7,9.95,9.936,3,1000,1.1
306.0,9.921,9.91,3,1000,1.1
306.3,9.89,9.895,3,1000,1.1
306.6,9.86,9.861,3,1000,1.1
306.9,9.831,9.805,3,1000,1.1
307.2,9.8,9.787,3,1000,1.1
307.5,9.771,9.767,3,1000,1.1
307.8,9.741,9.745,3,1000,1.1
308.1,9.711,9.669,3,1000,1.1
308.4,9.68,9.666,3,1000,1.1
308.7,9.651,9.635,3,1000,1.1
309.0,9.621,9.623,3,1000,1.1
309.3,9.591,9.575,3,1000,1.1
309.6,9.561,9.56,3,1000,1.1
309.9,9.531,9.528,3,1000,1.1
310.2,9.501,9.49,3,1000,1.1
310.5,9.471,9.455,3,1000,1.1
